station_key,status,energy_type,county,site_name,generation_name,site_count,capacity_kw,months,total_kwh,missing_months
中大,matched,太陽能,桃園市,中大,中大,1,40,31,88993,0
中屯風力,generation_only,陸域風力,,,中屯風力,0,0,21,0,15
中科,matched,太陽能,台中市,中科,中科,1,198,31,634530,0
中部儲運中心太陽光電,matched,太陽能,台中市,中部儲運中心太陽光電發電站,中部儲運中心太陽光電,1,92,31,245263,0
仁澤地熱,matched,地熱,宜蘭縣,仁澤地熱,仁澤地熱,1,840,31,6945014,0
北部儲運中心太陽光電,matched,太陽能,桃園市,北部儲運中心太陽光電發電站,北部儲運中心太陽光電,1,908,31,2780890,0
卓蘭會館太陽光電,matched,太陽能,苗栗縣,卓蘭會館太陽光電發電站,卓蘭會館太陽光電,1,42,31,103629,0
南投大彎太陽光電,matched,太陽能,南投縣,南投大彎太陽光電發電站,南投大彎太陽光電,2,1585,31,3295151,0
台中港區風力,matched,陸域風力,台中市,台中港區風力發電站,台中港區風力,2,35000,31,174183440,0
台中電廠太陽光電,matched,太陽能,台中市,台中電廠太陽光電發電站,台中電廠太陽光電,4,3465,31,10845206,0
台中電廠風力,matched,陸域風力,台中市,台中電廠風力發電站,台中電廠風力,1,2000,31,7307603,0
台中龍井太陽光電,matched,太陽能,台中市,台中龍井太陽光電發電站,台中龍井太陽光電,3,6486,31,18711108,0
台南七股太陽光電,matched,太陽能,台南市,台南七股太陽光電發電站,台南七股太陽光電,2,5100,31,19487417,0
台南鹽田太陽光電,matched,太陽能,台南市,台南鹽田太陽光電發電站,台南鹽田太陽光電,2,150097,31,572235654,0
后里,matched,太陽能,台中市,后里,后里,1,91,31,265700,0
嘉義分所太陽光電,matched,太陽能,嘉義市,嘉義分所太陽光電發電站,嘉義分所太陽光電,1,258,31,869419,0
嘉義民雄太陽光電,matched,太陽能,嘉義縣,嘉義民雄太陽光電發電站,嘉義民雄太陽光電,1,60,31,110307,0
大湳淨水場太陽光電,matched,太陽能,桃園市,大湳淨水場太陽光電發電站,大湳淨水場太陽光電,1,860,31,2490064,0
大潭電廠太陽光電,matched,太陽能,桃園市,大潭電廠太陽光電發電站,大潭電廠太陽光電,2,1361,31,3842294,0
大潭風力,matched,陸域風力,桃園市,大潭風力發電站,大潭風力,3,15100,31,47691929,0
平鎮淨水場太陽光電,matched,太陽能,桃園市,平鎮淨水場太陽光電發電站,平鎮淨水場太陽光電,1,1167,31,3364678,0
彰化彰濱太陽光電,matched,太陽能,彰化縣,彰化彰濱太陽光電發電站,彰化彰濱太陽光電,1,99999,31,334113142,0
彰化永興風力,matched,陸域風力,彰化縣,彰化永興風力發電站,彰化永興風力,1,9200,31,59075014,0
彰化王功風力,matched,陸域風力,彰化縣,彰化王功風力發電站,彰化王功風力,1,23000,31,140888941,0
彰工風力,matched,陸域風力,彰化縣,彰工風力發電站,彰工風力,4,86200,31,439532986,0
彰林,matched,太陽能,彰化縣,彰林,彰林,1,258,31,889279,0
恆春風力,matched,陸域風力,屏東縣,恆春風力發電站,恆春風力,1,4500,31,28865193,0
新竹香山風力,matched,陸域風力,新竹市,新竹香山風力發電站,新竹香山風力,1,12000,31,30061354,0
東勢新伯公太陽光電,matched,太陽能,台中市,東勢新伯公太陽光電發電站,東勢新伯公太陽光電,3,754,31,2273462,0
東興淨水場太陽光電,matched,太陽能,苗栗縣,東興淨水場太陽光電發電站,東興淨水場太陽光電,1,737,31,2244865,0
林口風力,matched,陸域風力,新北市,林口風力發電站,林口風力,1,6000,31,32259599,0
核三廠太陽光電,matched,太陽能,屏東縣,核三廠太陽光電發電站,核三廠太陽光電,5,24632,31,29286283,0
永安鹽灘地太陽光電,matched,太陽能,高雄市,永安鹽灘地太陽光電發電站,永安鹽灘地太陽光電,1,4637,31,11547867,0
淡水3.5萬噸配水池太陽光電,matched,太陽能,新北市,淡水3.5萬噸配水池太陽光電發電站,淡水3.5萬噸配水池太陽光電,1,307,31,920835,0
澎湖七美太陽光電,matched,太陽能,澎湖縣,澎湖七美太陽光電發電站,澎湖七美太陽光電,2,355,31,745099,0
澎湖尖山太陽光電,matched,太陽能,澎湖縣,澎湖尖山太陽光電發電站,澎湖尖山太陽光電,2,816,31,2590551,0
澎湖湖西風力,matched,陸域風力,澎湖縣,澎湖湖西風力發電站,澎湖湖西風力,1,5400,31,25312550,0
澎湖龍門風力,matched,陸域風力,澎湖縣,澎湖龍門風力發電站,澎湖龍門風力,1,9000,31,52109504,1
燕巢倉庫太陽光電,matched,太陽能,高雄市,燕巢倉庫太陽光電發電站,燕巢倉庫太陽光電,1,498,31,1582310,0
石門風力,matched,陸域風力,新北市,石門風力發電站,石門風力,1,2640,31,7641741,0
竹工,matched,太陽能,新竹縣,竹工,竹工,1,228,31,711433,0
義竹工作站太陽光電,matched,太陽能,嘉義縣,義竹工作站太陽光電發電站,義竹工作站太陽光電,1,300,31,1072659,0
興達電廠太陽光電,matched,太陽能,高雄市,興達電廠太陽光電發電站,興達電廠太陽光電,3,1627,31,5483152,0
蘆竹風力,matched,陸域風力,桃園市,蘆竹風力發電站,蘆竹風力,1,7200,31,42264439,0
蘭嶼貯存場太陽光電,matched,太陽能,台東縣,蘭嶼貯存場太陽光電發電站,蘭嶼貯存場太陽光電,1,32,31,78133,0
蘭嶼電廠太陽光電,matched,太陽能,台東縣,蘭嶼電廠太陽光電發電站,蘭嶼電廠太陽光電,1,29,31,87343,0
觀園風力,matched,陸域風力,桃園市,觀園風力發電站,觀園風力,1,30000,31,235285551,0
路北,matched,太陽能,高雄市,路北,路北,1,60,31,136442,0
金沙風力,matched,陸域風力,金門縣,金沙風力發電站,金沙風力,1,4000,31,22000580,0
金門塔山太陽光電,matched,太陽能,金門縣,金門塔山太陽光電發電站,金門塔山太陽光電,1,216,31,778572,0
金門酒廠太陽光電,matched,太陽能,金門縣,金門酒廠太陽光電發電站,金門酒廠太陽光電,1,911,19,1921290,0
金門金沙太陽光電,matched,太陽能,金門縣,金門金沙太陽光電發電站,金門金沙太陽光電,1,528,31,1269572,0
金門鵲山太陽光電,matched,太陽能,金門縣,金門鵲山太陽光電發電站,金門鵲山太陽光電,1,48,31,163505,0
離岸一期風力,matched,離岸風力,彰化縣,離岸一期風力發電站,離岸一期風力,1,109200,31,794751440,0
雲林台西風力,matched,陸域風力,雲林縣,雲林台西風力發電站,雲林台西風力發電站,1,9200,19,30785457,0
雲林四湖風力,matched,陸域風力,雲林縣,雲林四湖風力發電站,雲林四湖風力,1,28000,31,107116846,0
雲林麥寮風力,matched,陸域風力,雲林縣,雲林麥寮風力發電站,雲林麥寮風力,2,46000,31,149777161,0
馬祖珠山太陽光電,matched,太陽能,連江縣,馬祖珠山太陽光電發電站,馬祖珠山太陽光電,1,74,31,213890,0
高訓中心太陽光電,matched,太陽能,高雄市,高訓中心太陽光電發電站,高訓中心光電,3,370,26,1055393,0
高雄,matched,太陽能,高雄市,高雄,高雄,2,707,31,2435738,0
高雄保寧太陽光電,matched,太陽能,高雄市,高雄保寧太陽光電發電站,高雄保寧太陽光電,1,709,31,2310154,0
鳳山水庫太陽光電,matched,太陽能,高雄市,鳳山水庫太陽光電發電站,鳳山水庫太陽光電,1,2000,31,6267233,0
龍潭,matched,太陽能,新竹縣,龍潭,龍潭,1,162,31,487912,0
龍潭淨水場太陽光電,matched,太陽能,桃園市,龍潭淨水場太陽光電發電站,龍潭淨水場太陽光電,1,369,31,1040411,0
龜山第三加壓站太陽光電,matched,太陽能,桃園市,龜山第三加壓站太陽光電發電站,龜山加壓站太陽光電,1,307,31,877151,0
